id,salutation,first_name,last_name,birthday,sex,title,street_name,street_number,zip_code,city,phone_number_company,phone_number_mobile,email,employee_number,department,ahv_number,nationality,employee_employment_rate,role,employee_apprenticeship_years,work_street_name,work_street_number,work_zip_code,work_city,employee_status,employee_senior_level,employee_date_of_hire
1,Mrs,Udo,Bucher,22.09.1963,Female,Dr,Grossstrasse,71,3014,Bern,+41 44 218 19 60,+41 79 013 38 90,udo.bucher@company.ch,MA-0001,IT,756.2679.9935.21,Austrian,80,Manager,0,Toblerstrasse,24,3014,Bern,Active,Level5,06.12.2014
2,Mrs,Ingo,Herzog,29.03.1998,Female,None,Wettsteinstrasse,51,6926,Lugano,+41 44 654 23 51,+41 79 161 55 94,ingo.herzog@company.ch,MA-0002,Sales,756.8359.5557.10,Spanish,100,Lead,2,Wagnerstrasse,72,4013,Basel,Passive,Level1,01.09.2019
3,Mrs,Mihajlo,Kern,03.02.1966,Female,None,Sennstrasse,25,8422,Winterthur,+41 44 931 03 41,+41 79 316 47 52,mihajlo.kern@company.ch,MA-0003,Procurement,756.5333.1711.68,Austrian,100,Lead,0,Kägistrasse,142,1040,Lausanne,Active,Level3,04.09.2021
4,Mrs,Sebastiano,Stocker,20.02.1991,Female,Dr,Roosstrasse,12,3049,Bern,+41 44 276 48 35,+41 79 030 56 41,sebastiano.stocker@company.ch,MA-0004,Marketing,756.2307.4814.22,Italian,100,Consultant,2,Schenkstrasse,42,8422,Winterthur,Passive,Level3,24.10.2014
5,Mrs,Amar,Kuhn,20.07.2001,Female,None,Ernistrasse,44,6946,Lugano,+41 44 238 84 96,+41 79 965 32 87,amar.kuhn@company.ch,MA-0005,Sales,756.3677.8573.58,French,50,Engineer,0,Wengerstrasse,84,8014,Zürich,Passive,Level3,16.07.2024
6,Mr,Nelly,Senn,31.08.1969,Male,None,Schochstrasse,17,3036,Bern,+41 44 669 78 48,+41 79 018 45 14,nelly.senn@company.ch,MA-0006,Operations,756.4483.9179.60,Portuguese,80,Analyst,1,Favrestrasse,36,3047,Bern,Active,Level5,03.09.2011
7,Mr,Emina,Vogel,19.03.1974,Male,None,Ottstrasse,110,2525,Biel,+41 44 489 32 52,+41 79 880 95 70,emina.vogel@company.ch,MA-0007,Operations,756.4593.3266.75,Italian,100,Manager,0,Kälinstrasse,40,4050,Basel,Active,Level5,20.03.2015
8,Mrs,Noel,Schenk,16.04.2004,Female,None,Walderstrasse,98,2529,Biel,+41 44 182 27 82,+41 79 489 63 83,noel.schenk@company.ch,MA-0008,Customer Support,756.5119.1188.97,Portuguese,100,Engineer,1,Küngstrasse,88,1218,Geneva,Active,Level2,13.03.2018
9,Mr,Gianna,Marti,13.12.1967,Male,Dr,Bergerstrasse,68,6948,Lugano,+41 44 098 39 30,+41 79 103 10 51,gianna.marti@company.ch,MA-0009,IT,756.9317.2743.90,French,50,Engineer,0,Herzogstrasse,40,8448,Winterthur,Active,Level5,02.11.2014
10,Mrs,Diego,Vogt,15.10.2003,Female,None,Grossstrasse,83,9001,St. Gallen,,+41 79 670 10 65,diego.vogt@company.ch,MA-0010,Finance,756.6947.6038.40,Swiss,100,Assistant,0,Gutstrasse,22,9004,St. Gallen,Active,Level2,24.06.2014
11,Mrs,Carmine,Eichenberger,10.03.1981,Female,None,Mayerstrasse,141,4016,Basel,+41 44 178 10 80,+41 79 132 67 73,carmine.eichenberger@company.ch,MA-0011,Customer Support,756.7932.4470.79,Spanish,50,Coordinator,1,Benzstrasse,103,8428,Winterthur,Active,Level4,23.04.2017
12,Mrs,Elmar,Hartmann,24.05.2003,Female,Prof,Hirtstrasse,58,1221,Geneva,+41 44 872 34 30,+41 79 980 50 09,elmar.hartmann@company.ch,MA-0012,HR,756.4770.4608.10,Swiss,50,Manager,0,Näfstrasse,18,8021,Zürich,Passive,Level5,23.06.2012
13,Mrs,Yanis,Bieri,31.01.2000,Female,None,Schochstrasse,125,3034,Bern,+41 A4 361 93 99,+41 79 091 69 98,yanis.bieri@company.ch,MA-0013,IT,756.8744.4981.70,Spanish,80,Coordinator,0,Hafnerstrasse,25,6022,Lucerne,Passive,Level4,02.09.2021
14,Mr,Gabrielle,Grob,24.04.1974,Male,Dr,Steinerstrasse,26,8025,Zürich,+41 44 751 07 99,+41 79 118 38 42,gabrielle.grob@company.ch,MA-0014,Operations,756.2790.5073.34,German,60,Consultant,0,Bernasconistrasse,109,4017,Basel,Passive,Level2,02.03.2017
15,Mrs,Silvio,Lutz,24.04.1999,Feme,None,Schwabstrasse,141,1203,Geneva,+41 44 841 24 11,+41 79 824 49 35,silvio.lutz@emmi.ch,MA-0015,Customer Support,756.1241.2528.40,German,80,Consultant,4,Stöcklistrasse,55,6003,Lucerne,Passive,Level4,17.03.2019
16,Mrs,Hubert,Baur,08.09.1966,Female,None,Hermannstrasse,68,9018,St. Gallen,+41 44 052 42 78,+41 79 680 11 28,hubert.baur@company.ch,MA-0016,Legal,756.8973.3536.34,French,100,Manager,0,Kaufmannstrasse,81,8003,Zürich,Active,Level4,26.01.2018
17,Mrs,Matthias,Hofstetter,02.09.1978,Female,Dr,Kaiserstrasse,131,1211,Geneva,+41 44 315 86 92,+41 79 322 60 25,matthias.hofstetter@company.ch,MA-0017,Finance,756.2113.4853.61,Swiss,60,Coordinator,0,Zimmermannstrasse,21,6042,Lucerne,Active,Level5,17.08.2015
18,Mr,Corine,Suter,20.05.1967,Male,None,Meilistrasse,53,8415,Winterthur,+41 44 375 43 30,+41 79 365 41 45,corine.suter@company.ch,MA-0018,Marketing,756.7484.3144.95,Portuguese,100,Consultant,2,Stettlerstrasse,19,8029,Zürich,Active,Level5,18.09.2025
19,Mrs,Ali,Hafner,25.06.1970,Female,Dr,Bättigstrasse,138,3032,Bern,+41 44 965 56 98,+41 79 169 34 06,ali.hafner@company.ch,MA-0019,Marketing,756.3170.6718.18,German,100,Director,0,Probststrasse,113,6945,Lugano,Passive,Level5,01.02.2017
20,Mrs,Fabio,Steiger,20.02.2003,Female,None,Steffenstrasse,77,1208,Geneva,+41 44 484 65 64,+41 79 823 66 29,fabio.steiger@company.ch,MA-0020,Marketing,756.2891.2753.80,German,100,Director,0,Kunzstrasse,88,3043,Bern,Passive,Level5,07.03.2016
21,Mr,Mélanie,Lustenberger,13.03.1997,Male,None,Meierstrasse,14,1240,Geneva,+41 44 738 72 14,+41 79 895 13 43,mélanie.lustenberger@company.ch,MA-0021,Legal,756.5533.1722.10,French,100,Director,0,Ernststrasse,114,6945,Lugano,Passive,Level5,26.04.2012
22,Mrs,Enea,Schwab,06.01.2000,Female,Dr,Martinstrasse,20,4034,Basel,+41 44 936 76 32,+41 79 016 32 87,enea.schwab@company.ch,MA-0022,HR,756.7049.3426.65,German,100,Director,2,Schärerstrasse,11,8413,Winterthur,Passive,Level1,21.05.2025
24,Mr,Joana,Graf,31.07.1974,Male,Dr,Rüeggstrasse,121,3012,Bern,+41 44 223 62 31,+41 79 665 87 60,joana.graf@company.ch,MA-0023,R&D,756.6728.6000.39,German,100,Coordinator,3,Leustrasse,85,1004,Lausanne,Passive,Level3,13.03.2025
26,Mr,Luz,Meier,31.01.2003,Male,None,Kohlerstrasse,49,1002,Lausanne,+41 44 162 72 04,+41 79 653 75 56,luz.meier@company.ch,MA-0024,Legal,756.1027.9518.78,Portuguese,50,Coordinator,2,Weibelstrasse,111,1242,Geneva,Passive,Level5,30.05.2015
27,Mr,Nadia,Meili,24.06.1963,Male,Dr,Joststrasse,77,6919,Lugano,+41 44 100 33 09,+41 79 232 71 93,nadia.meili@company.ch,MA-0025,Legal,756.6344.7592.99,French,60,Analyst,0,Suterstrasse,108,6043,Lucerne,Passive,Level5,16.02.2023
28,Mr,Olga,Schürch,06.05.1989,Male,None,Wolfstrasse,141,8019,Zürich,+41 44 419 04 96,+41 79 631 93 14,olga.schürch@company.ch,MA-0026,Marketing,756.4443.8043.84,Austrian,50,Associate,4,Zehnderstrasse,114,9043,St. Gallen,Passive,Level5,31.10.2016
29,Mr,Mira,Steffen,06.12.1978,Male,Prof,Ammannstrasse,22,1032,Lausanne,+41 44 716 57 26,+41 79 284 98 77,mira.steffen@company.ch,MA-0027,Procurement,756.6491.2530.40,Portuguese,100,Coordinator,0,Walderstrasse,38,8002,Zürich,Passive,Level4,16.06.2016
30,Mrs,Lionel,Blum,24.11.1974,Female,None,Grossstrasse,107,2512,Biel,+41 44 996 50 75,+41 79 273 54 54,lionel.blum@company.ch,MA-0028,Legal,756.9099.7547.41,German,50,Manager,0,Schärerstrasse,109,3011,Bern,Active,Level4,17.05.2019
31,Mrs,Philip,Blaser,30.03.1973,Female,None,Michelstrasse,64,1229,Geneva,+41 44 777 01 43,+41 79 634 95 78,philip.blaser@company.ch,MA-0029,IT,756.8612.9702.81,Austrian,100,Consultant,3,Leunbergerstrasse,141,9010,St. Gallen,Passive,Level4,25.11.2016
32,Mr,Elizabeth,Hauser,12.02.1976,Male,Prof,Bühlmannstrasse,71,6931,Lugano,+41 44 518 23 37,+41 79 498 94 13,elizabeth.hauser@company.ch,MA-0030,Sales,756.5499.8206.19,Portuguese,100,Coordinator,1,Gigerstrasse,86,8434,Winterthur,Passive,Level2,26.04.2014
33,Mrs,Patrick,Tanner,16.02.1986,Female,Prof,Baumannstrasse,99,4045,Basel,+41 44 842 71 09,+41 79 477 75 20,patrick.tanner@company.ch,MA-0031,Sales,756.2052.7797.62,French,60,Consultant,3,Merzstrasse,16,3026,Bern,Passive,Level5,16.12.2023
34,Mrs,Ludwig,Michel,19.11.1965,Female,None,Eugsterstrasse,98,9000,St. Gallen,+41 44 941 31 86,+41 79 999 38 67,ludwig.michel@company.ch,MA-0032,Operations,756.5892.7389.63,Austrian,50,Engineer,0,Hoffmannstrasse,125,3017,Bern,Passive,Level4,16.03.2016
35,Mrs,Rosario,Benz,13.06.1989,Female,None,Widmerstrasse,87,6046,Lucerne,+41 44 341 23 28,+41 79 120 67 97,rosario.benz@company.ch,MA-0033,IT,756.8657.3091.89,Austrian,100,Lead,0,Bärstrasse,22,6008,Lucerne,Passive,Level2,12.12.2015
36,Mrs,Marvin,Suter,12.06.2000,Female,None,Stöcklistrasse,98,8413,Winterthur,+41 44 493 61 83,+41 79 242 10 24,marvin.suter@company.ch,MA-0034,R&D,756.6355.6529.58,French,80,Director,0,Lutzstrasse,121,8047,Zürich,Active,Level1,27.08.2018
37,Mr,Amanda,Suter,02.05.1980,Male,Prof,Näfstrasse,18,8048,Zürich,+41 44 719 06 59,+41 79 401 39 90,amanda.suter@company.ch,MA-0035,HR,756.5051.4266.12,Austrian,100,Coordinator,0,Schlatterstrasse,122,1236,Geneva,Passive,Level4,27.01.2023
38,Mr,Sibylle,Meili,17.06.1985,Male,None,Herzogstrasse,43,2538,Biel,+41 44 967 17 56,+41 79 551 25 67,sibylle.meili@company.ch,MA-0036,Finance,756.3683.6096.23,Austrian,100,Director,3,Steffenstrasse,102,3004,Bern,Active,Level2,30.10.2023
39,Mrs,Ilija,Bättig,21.08.1982,Female,None,Haasstrasse,31,2550,Biel,+41 44 168 08 76,+41 79 038 59 77,ilija.bättig@company.ch,MA-0037,HR,756.6688.9728.64,Portuguese,100,Specialist,2,Fuchsstrasse,4,6031,Lucerne,Active,Level4,12.11.2019
40,Mr,Kata,Hirt,25.11.1981,Male,None,Burristrasse,40,6011,Lucerne,+41 44 932 48 08,+41 79 613 17 12,kata.hirt@company.ch,MA-0038,Customer Support,756.5425.9817.71,Italian,80,Assistant,1,Toblerstrasse,83,3005,Bern,Passive,Level4,05.04.2019
41,Mrs,Paolo,Lehmann,09.05.1999,Female,None,Grossstrasse,146,2542,Biel,+41 44 826 39 82,+41 79 146 58 40,paolo.lehmann@company.ch,MA-0039,Legal,756.6511.1470.73,Spanish,100,Analyst,4,Vogtstrasse,55,8416,Winterthur,Passive,Level3,09.03.2024
42,Mr,Irena,Stauffer,03.03.1984,Male,None,Maierstrasse,3,6912,Lugano,+41 44 558 86 75,+41 79 339 63 60,irena.stauffer@company.ch,MA-0040,Finance,756.4954.7658.72,Austrian,100,Consultant,4,Wegmannstrasse,115,8005,Zürich,Passive,Level2,15.03.2022
43,Mr,Herta,Kessler,12.08.1979,Male,Prof,Moserstrasse,79,2523,Biel,+41 44 289 51 71,+41 79 870 26 21,herta.kessler@company.ch,MA-0041,R&D,756.9698.6632.64,Portuguese,60,Associate,2,Wüthrichstrasse,117,1019,Lausanne,Passive,Level2,13.09.2016
44,Mrs,Cem,Kuhn,21.03.1991,Female,Prof,Steinmannstrasse,81,1247,Geneva,+41 44 578 09 13,+41 79 431 61 17,cem.kuhn@company.ch,MA-0042,Customer Support,756.4033.4138.37,Portuguese,80,Director,1,Studerstrasse,26,3018,Bern,Passive,Level3,05.03.2025
45,Mrs,Alexander,Hürlimann,27.08.1997,Female,None,Kaiserstrasse,4,6908,Lugano,+41 44 623 86 92,+41 79 221 96 93,alexander.hürlimann@company.ch,MA-0043,Marketing,756.1745.1893.80,French,50,Analyst,4,Schmidtstrasse,27,8036,Zürich,Passive,Level4,09.02.2015
46,Mr,Domenica,Häfliger,05.11.1982,Male,None,Zimmermannstrasse,88,4003,Basel,+41 44 482 17 59,+41 79 464 74 36,domenica.häfliger@company.ch,MA-0044,Marketing,756.8827.2869.18,Italian,80,Specialist,0,Brunnerstrasse,39,4036,Basel,Passive,Level1,06.05.2017
47,Mrs,Murat,Schlatter,23.08.1975,Female,Dr,Arnoldstrasse,143,6038,Lucerne,+41 44 409 09 74,+41 79 395 33 94,murat.schlatter@company.ch,MA-0045,Procurement,756.4697.9561.58,Italian,80,Director,3,Sennstrasse,79,2539,Biel,Passive,Level5,05.03.2025
48,Mrs,Milo,Bauer,20.03.1976,Female,Prof,Bärstrasse,55,1042,Lausanne,+41 44 214 56 23,+41 79 285 88 42,milo.bauer@company.ch,MA-0046,Finance,756.3573.4929.32,Austrian,100,Analyst,0,Mettlerstrasse,105,9044,St. Gallen,Active,Level4,28.10.2022
49,Mr,Svenja,Zimmermann,10.09.1967,Male,Dr,Ernistrasse,60,1045,Lausanne,+41 44 685 16 04,+41 79 817 54 96,svenja.zimmermann@company.ch,MA-0047,Marketing,756.8438.2166.97,German,100,Assistant,0,Brunnerstrasse,109,1234,Geneva,Passive,Level2,12.09.2018
50,Mr,Beate,Schaub,21.01.1977,Male,Prof,Stadelmannstrasse,19,8010,Zürich,+41 44 746 12 00,+41 79 471 13 82,beate.schaub@company.ch,MA-0048,Marketing,756.5728.8195.25,Italian,50,Director,3,Martinstrasse,70,6934,Lugano,Passive,Level4,06.09.2021
51,Mrs,Dardan,Stutz,31.03.2004,Female,None,Schneiderstrasse,11,6047,Lucerne,+41 44 617 96 40,+41 79 537 73 51,dardan.stutz@company.ch,MA-0049,Operations,756.5102.1423.21,German,50,Assistant,0,Schäferstrasse,69,2502,Biel,Passive,Level4,13.07.2012
52,Mr,Liliana,Frei,24.03.2005,Male,None,Bolligerstrasse,47,2527,Biel,+41 44 900 53 29,+41 79 318 39 33,liliana.frei@company.ch,MA-0050,R&D,756.2494.8700.54,Italian,100,Associate,0,Wirzstrasse,42,8426,Winterthur,Passive,Level3,15.06.2023
53,Mr,Carola,Ackermann,29.10.1974,Male,None,Eggerstrasse,10,9005,St. Gallen,+41 44 210 20 53,+41 79 950 24 02,carola.ackermann@company.ch,MA-0051,Operations,756.5135.6296.24,Spanish,80,Engineer,0,Reystrasse,139,9026,St. Gallen,Passive,Level2,23.10.2022
54,Mr,Aurelia,Maier,09.11.1996,Male,None,Martistrasse,128,9048,St. Gallen,+41 44 908 47 00,+41 79 766 17 71,aurelia.maier@company.ch,MA-0052,HR,756.4335.5375.80,German,100,Consultant,4,Hunzikerstrasse,32,8040,Zürich,Active,Level2,10.08.2012
55,Mr,Boris,Seiler,25.06.1990,Female,None,Kesslerstrasse,142,8035,Zürich,+41 44 789 61 18,+41 79 367 36 57,boris.seiler@company.ch,MA-0053,Legal,756.2527.4681.24,Italian,100,Analyst,4,Lehmannstrasse,75,6945,Lugano,Passive,Level4,24.04.2016
56,Mr,Jenny,Steiger,03.11.1973,Male,None,Stöcklistrasse,63,9035,St. Gallen,+41 44 111 16 15,+41 79 280 98 85,jenny.steiger@company.ch,MA-0054,IT,756.7284.4122.86,Austrian,50,Analyst,0,Lanzstrasse,71,6021,Lucerne,Active,Level3,23.09.2024
57,Mrs,Jari,Weibel,27.03.1981,Female,None,Hirtstrasse,77,2537,Biel,+41 44 519 83 27,+41 79 315 85 14,jari.weibel@company.ch,MA-0055,R&D,756.3434.8316.78,Italian,100,Associate,3,Zinggstrasse,117,8412,Winterthur,Passive,Level5,20.04.2024
58,Mr,Marie-Jeanne,Winkler,20.08.1998,Male,Prof,Schürchstrasse,106,8020,Zürich,+41 44 024 45 50,+41 79 229 61 20,marie-jeanne.winkler@company.ch,MA-0056,R&D,756.7246.7325.94,Deutsch,50,Analyst,4,Wehrlistrasse,10,4032,Basel,Active,Level3,08.04.2017
59,Mrs,Fredy,Jäggi,20.07.1969,Female,None,Vogelstrasse,26,6929,Lugano,+41 44 991 02 29,+41 79 014 76 79,fredy.jäggi@company.ch,MA-0057,HR,756.3361.7717.93,German,100,Consultant,1,Lehmannstrasse,87,2544,Biel,Passive,Level1,10.11.2014
60,Mr,Erica,Bühler,24.10.1977,Male,None,Hessstrasse,98,8440,Winterthur,+41 44 840 36 90,+41 79 034 32 44,erica.bühler@company.ch,MA-0058,R&D,756.9864.1588.89,Swiss,100,Director,0,Bühlmannstrasse,24,6006,Lucerne,Passive,Level4,01.02.2019
61,Mrs,Alejandro,Ferrari,23.04.1968,Female,None,Näfstrasse,8,8020,Zürich,+41 44 160 60 71,+41 79 596 96 64,alejandro.ferrari@company.ch,MA-0059,HR,756.5806.6873.57,Italian,100,Coordinator,3,Kunzstrasse,145,4010,Basel,Passive,Level1,12.02.2026
62,Mr,Margaretha,Zimmermann,27.04.2004,Male,None,Stuckistrasse,62,9037,St. Gallen,+41 44 161 36 96,+41 79 816 45 35,margaretha.zimmermann@company.ch,MA-0060,IT,756.4804.8555.91,French,80,Director,0,Bianchistrasse,120,1043,Lausanne,Active,Level2,02.08.2019
63,Mrs,Janis,Wirz,30.12.1977,Female,None,Grafstrasse,89,2519,Biel,+41 44 243 29 21,+41 79 277 99 79,janis.wirz@company.ch,MA-0061,Legal,756.5097.8484.48,German,80,Consultant,0,Sennstrasse,61,6036,Lucerne,Passive,Level5,21.11.2013
64,Mr,Caroline,Meili,30.01.1982,Male,None,Zehnderstrasse,6,6017,Lucerne,+41 44 905 81 47,+41 79 700 54 11,caroline.meili@company.ch,MA-0062,HR,756.1803.9138.46,Spanish,100,Assistant,2,Mayerstrasse,57,3039,Bern,Passive,Level2,16.05.2018
65,Mrs,Arda,Scherrer,22.04.1991,Female,Dr,Schumacherstrasse,80,9002,St. Gallen,+41 44 820 71 51,+41 79 820 37 78,arda.scherrer@company.ch,MA-0063,Procurement,756.6977.3153.21,French,100,Lead,0,Käserstrasse,52,4050,Basel,Active,Level3,24.05.2025
66,Mr,Franca,Lang,13.09.1996,Male,Prof,Zbindenstrasse,66,9018,St. Gallen,+41 44 151 86 44,+41 79 925 19 25,franca.lang@company.ch,MA-0064,Operations,756.2886.8673.19,German,100,Lead,2,Staubstrasse,24,6000,Lucerne,Passive,Level5,23.07.2013
67,Mrs,Ioannis,Blaser,31.03.1976,Female,None,Spörristrasse,95,1037,Lausanne,+41 44 281 68 50,+41 79 542 35 73,ioannis.blaser@company.ch,MA-0065,Legal,756.7086.2775.96,German,80,Manager,2,Eichenbergerstrasse,57,1240,Geneva,Passive,Level3,12.10.2012
68,Mr,Malea,Wyss,28.01.1967,Male,Dr,Steffenstrasse,36,8002,Zürich,+41 44 929 62 22,+41 79 927 06 53,malea.wyss@company.ch,MA-0066,Marketing,756.9071.2902.22,German,60,Analyst,3,Schwabstrasse,117,8442,Winterthur,Active,Level4,29.11.2022
69,Mrs,Detlef,Maier,02.12.1972,Female,None,Hotzstrasse,26,9039,St. Gallen,+41 44 359 77 46,+41 79 886 23 92,detlef.maier@company.ch,MA-0067,Legal,756.5583.1536.98,French,100,Consultant,4,Baurstrasse,61,8406,Winterthur,Passive,Level5,26.09.2024
70,Mr,Annalise,Brun,04.12.1993,Male,Dr,Hessstrasse,102,1012,Lausanne,+41 44 247 82 61,+41 79 375 06 06,annalise.brun@company.ch,MA-0068,Finance,756.8450.2501.94,German,50,Assistant,0,Grafstrasse,13,8415,Winterthur,Passive,Level5,18.07.2026
71,Mrs,Cristian,Gfeller,13.11.1963,Female,Dr,Thommenstrasse,142,3037,Bern,+41 44 220 47 27,+41 79 790 10 43,cristian.gfeller@company.ch,MA-0069,Sales,756.4817.6383.28,Spanish,60,Manager,1,Schallerstrasse,38,4034,Basel,Passive,Level2,17.04.2013
72,Mrs,Massimo,Graf,16.11.1975,Female,Dr,Grobstrasse,34,8022,Zürich,+41 44 971 17 98,+41 79 089 32 46,massimo.graf@company.ch,MA-0070,Sales,756.6304.1258.32,French,100,Analyst,3,Schwarzstrasse,135,1247,Geneva,Passive,Level4,27.03.2015
73,Mr,Emine,Forster,10.11.1991,Male,None,Reystrasse,132,2506,Biel,+41 44 188 88 80,+41 79 670 65 40,emine.forster@company.ch,MA-0071,R&D,756.9254.4629.88,Swiss,50,Engineer,1,Wyssstrasse,118,8003,Zürich,Passive,Level4,18.10.2016
74,Mr,Alison,Stauffer,08.04.1990,Male,Dr,Eglistrasse,126,9004,St. Gallen,+41 44 585 27 72,+41 79 217 04 30,alison.stauffer@company.ch,MA-0072,Finance,756.6277.3430.18,German,100,Assistant,2,Bauerstrasse,98,2533,Biel,Passive,Level4,16.08.2025
75,Mr,Germaine,Kuhn,23.02.2006,Male,Dr,Haasstrasse,30,6946,Lugano,+41 44 345 05 41,+41 79 566 76 52,germaine.kuhn@company.ch,MA-0073,Sales,756.8046.8398.39,Italian,100,Consultant,3,Studerstrasse,107,1220,Geneva,Passive,Level3,18.02.2017
76,Mr,Felicia,Portmann,12.05.1974,Male,None,Wagnerstrasse,40,9004,St. Gallen,+41 44 169 28 45,+41 79 115 44 79,felicia.portmann@company.ch,MA-0074,Finance,756.2398.2527.65,Swiss,50,Associate,0,Felberstrasse,143,8037,Zürich,Active,Level5,24.11.2016
77,Mr,Fabienne,Wagner,27.11.2000,Male,Dr,Schwarzstrasse,106,8442,Winterthur,+41 44 401 65 82,+41 79 029 70 21,fabienne.wagner@company.ch,MA-0075,Legal,756.1842.5712.86,French,100,Specialist,0,Wolfstrasse,40,9014,St. Gallen,Passive,Level3,21.01.2017
78,Mr,Margret,Schenk,19.01.1964,Male,Dr,Stettlerstrasse,72,2514,Biel,+41 44 557 19 28,+41 79 565 43 10,margret.schenk@company.ch,MA-0076,Legal,756.1430.5381.13,German,100,Director,2,Müllerstrasse,90,8011,Zürich,Passive,Level5,30.04.2025
79,Mr,Theresia,Hartmann,21.09.1996,Male,Dr,Gasserstrasse,37,8005,Zürich,+41 44 731 21 72,+41 79 715 51 88,theresia.hartmann@company.ch,MA-0077,Customer Support,756.4524.7163.63,Italian,100,Analyst,2,Hoffmannstrasse,80,8449,Winterthur,Active,Level5,21.04.2022
80,Mrs,Jordan,Suter,07.09.1990,Female,Dr,Peterstrasse,40,4048,Basel,+41 44 132 37 05,+41 79 895 78 29,jordan.suter@company.ch,MA-0078,Procurement,756.1815.2336.44,Italian,50,Lead,4,Bergerstrasse,114,6017,Lucerne,Passive,Level5,06.08.2017
81,Mrs,Angel,Vogel,08.09.1983,Female,None,Winklerstrasse,111,1218,Geneva,+41 44 912 51 77,+41 79 852 89 22,angel.vogel@company.ch,MA-0079,Procurement,756.8972.9633.95,French,100,Coordinator,3,Näfstrasse,15,8013,Zürich,Passive,Level2,05.02.2024
82,Mrs,Blerim,Fankhauser,03.01.1976,Female,None,Hunzikerstrasse,75,8407,Winterthur,+41 44 584 14 38,+41 79 424 98 18,blerim.fankhauser@company.ch,MA-0080,HR,756.9149.8055.32,German,80,Engineer,0,Schnyderstrasse,129,6942,Lugano,Passive,Level1,12.03.2014
83,Mr,Snezana,Vogel,25.04.2002,Male,Dr,Scheideggerstrasse,112,8029,Zürich,+41 44 010 94 39,+41 79 690 78 44,snezana.vogel@company.ch,MA-0081,Finance,756.6129.8033.83,Italian,50,Lead,1,Grossstrasse,30,6001,Lucerne,Passive,Level2,01.02.2016
84,Mr,Sabine,Stucki,05.04.1965,Male,None,Lehmannstrasse,23,6006,Lucerne,+41 44 735 92 55,+41 79 562 58 81,sabine.stucki@company.ch,MA-0082,Sales,756.8138.7560.77,Swiss,80,Director,2,Grobstrasse,57,8449,Winterthur,Passive,Level1,18.06.2013
85,Mrs,Orlando,Gut,28.10.1968,Female,None,Hodelstrasse,131,3049,Bern,+41 44 963 25 95,+41 79 327 87 74,orlando.gut@company.ch,MA-0083,Operations,756.6752.3419.40,Swiss,100,Director,0,Arnoldstrasse,45,2509,Biel,Passive,Level2,20.10.2025
86,Mr,Slavica,Maurer,27.02.2005,Male,None,Schmidtstrasse,145,2528,Biel,+41 44 004 79 74,+41 79 801 62 45,slavica.maurer@company.ch,MA-0084,Procurement,756.6295.6179.29,Italian,100,Consultant,4,Käserstrasse,78,1037,Lausanne,Passive,Level3,19.08.2017
87,Mrs,Raul,Schaub,11.03.1971,Female,None,Betschartstrasse,119,9002,St. Gallen,+41 44 878 49 91,+41 79 216 55 85,raul.schaub@company.ch,MA-0085,HR,756.7041.5703.19,Portuguese,100,Assistant,3,Frickstrasse,119,2535,Biel,Passive,Level4,15.02.2019
88,Mrs,André,Bättig,27.08.1968,Female,None,Zimmermannstrasse,122,6909,Lugano,+41 44 872 98 25,+41 79 952 69 49,andré.bättig@company.ch,MA-0086,HR,756.8381.2695.53,Portuguese,100,Engineer,0,Ottstrasse,11,3045,Bern,Passive,Level4,04.04.2022
89,Mrs,Bernd,Meister,08.07.1998,Female,None,Imhofstrasse,96,1024,Lausanne,+41 44 694 09 74,+41 79 993 09 72,bernd.meister@company.ch,MA-0087,Legal,756.6543.1857.90,Portuguese,100,Specialist,2,Ernststrasse,25,6943,Lugano,Passive,Level3,05.02.2012
90,Mr,Lya,Suter,18.06.1967,Male,None,Lutzstrasse,39,8405,Winterthur,+41 44 626 36 89,+41 79 702 83 85,lya.suter@company.ch,MA-0088,Procurement,756.3317.6731.49,Portuguese,50,Lead,0,Reystrasse,22,1035,Lausanne,Passive,Level3,01.05.2016
91,Mrs,Konrad,Maurer,04.10.2002,Female,None,Schäferstrasse,24,6032,Lucerne,+41 44 497 33 48,+41 79 434 43 75,konrad.maurer@company.ch,MA-0089,Operations,756.1298.6940.49,German,100,Associate,4,Joststrasse,50,3008,Bern,Passive,Level1,10.12.2015
92,Mr,Xenia,Stettler,11.07.1986,Male,Dr,Jennistrasse,130,6947,Lugano,+41 44 404 15 74,+41 79 733 84 84,xenia.stettler@company.ch,MA-0090,Customer Support,756.1618.6517.89,German,60,Lead,0,Brunnerstrasse,42,4044,Basel,Active,Level2,06.04.2015
93,Mr,Rina,Ritter,21.07.1972,Male,Dr,Baurstrasse,106,8443,Winterthur,+41 44 657 12 08,+41 79 267 73 45,rina.ritter@company.ch,MA-0091,Sales,756.8277.5668.67,German,60,Coordinator,1,Stadelmannstrasse,121,3023,Bern,Active,Level4,30.03.2025
94,Mr,Dora,Stalder,20.11.1987,Male,None,Ferraristrasse,98,6933,Lugano,+41 44 206 72 40,+41 79 049 91 54,dora.stalder@company.ch,MA-0092,Legal,756.3655.4271.87,German,100,Manager,4,Spörristrasse,96,6906,Lugano,Active,Level1,18.12.2024
95,Mr,Lina,Ott,21.03.1983,Male,Dr,Zollingerstrasse,42,1028,Lausanne,+41 44 527 42 05,+41 79 493 29 66,lina.ott@company.ch,MA-0093,Customer Support,756.3414.8167.21,German,80,Associate,0,Blumstrasse,107,8025,Zürich,Active,Level3,30.08.2021
96,Mrs,Maximilian,Eichenberger,20.08.1983,Female,None,Aebistrasse,21,8414,Winterthur,+41 44 637 45 49,+41 79 904 53 01,maximilian.eichenberger@company.ch,MA-0094,HR,756.6221.2623.93,French,100,Analyst,0,Hofstetterstrasse,74,9044,St. Gallen,Passive,Level4,15.09.2017
97,Mr,Murielle,Sutter,01.07.1996,Male,None,Sigriststrasse,2,1201,Geneva,+41 44 593 32 72,+41 79 795 68 78,murielle.sutter@company.ch,MA-0095,Marketing,756.4533.3449.80,Portuguese,60,Engineer,3,Widmerstrasse,29,1015,Lausanne,Passive,Level1,30.10.2021
98,Mrs,Tiziano,Wyss,24.03.1966,Female,Prof,Ritterstrasse,108,2529,Biel,+41 44 191 08 83,+41 79 982 25 87,tiziano.wyss@company.ch,MA-0096,Finance,756.2816.9189.86,Austrian,100,Engineer,0,Stockerstrasse,37,1027,Lausanne,Passive,Level5,18.05.2022
99,Mr,Inès,Bolliger,06.03.2002,Male,Prof,Zollingerstrasse,147,6011,Lucerne,+41 44 728 67 90,+41 79 874 06 40,inès.bolliger@company.ch,MA-0097,Finance,756.9576.6908.18,Austrian,60,Engineer,0,Schmidstrasse,100,9002,St. Gallen,Passive,Level3,21.04.2012
100,Mr,Anouk,Suter,06.06.1965,Male,Dr,Bernasconistrasse,92,1222,Geneva,+41 44 046 22 65,+41 79 676 61 82,anouk.suter@company.ch,MA-0098,Sales,756.2698.6447.27,Swiss,100,Engineer,2,Bühlmannstrasse,45,9044,St. Gallen,Passive,Level2,08.07.2026
101,Mrs,Sasa,Ritter,24.03.1968,Female,Dr,Ackermannstrasse,118,8018,Zürich,+41 44 478 68 63,+41 79 375 24 31,sasa.ritter@company.ch,MA-0099,Sales,756.1717.4268.15,French,100,Engineer,3,Zollingerstrasse,140,9016,St. Gallen,Passive,Level2,06.11.2020
102,Mr,Eugenia,Amrein,19.03.1973,Male,None,Braunstrasse,13,8417,Winterthur,+41 44 790 30 67,+41 79 383 02 84,eugenia.amrein@company.ch,MA-0100,Finance,756.7029.8159.61,Portuguese,80,Lead,2,Zürcherstrasse,48,9044,St. Gallen,Passive,Level3,14.04.2020
103,Mr,Tânia,Steinmann,20.08.1998,Male,Dr,Hofmannstrasse,109,1227,Geneva,+41 44 836 44 08,+41 79 926 87 05,tânia.steinmann@company.ch,MA-0101,Procurement,756.3956.9937.47,French,100,Specialist,2,Wyssstrasse,76,1028,Lausanne,Active,Level4,26.01.2022
104,Mrs,Dimitri,Eugster,27.10.1975,Female,None,Wengerstrasse,90,9002,St. Gallen,+41 44 334 27 08,+41 79 668 82 63,dimitri.eugster@company.ch,MA-0102,Operations,756.8126.5498.91,Spanish,100,Specialist,3,Fuchsstrasse,94,6947,Lugano,Passive,Level1,29.04.2021
105,Mrs,Mehdi,Marti,25.11.1999,Female,None,Rothstrasse,113,8008,Zürich,+41 44 046 99 01,+41 79 398 37 35,mehdi.marti@company.ch,MA-0103,Finance,756.4866.7001.56,Italian,60,Manager,0,Ammannstrasse,116,8423,Winterthur,Passive,Level1,06.09.2025
106,Mrs,Mariusz,Weber,15.10.1967,Female,None,Grossstrasse,94,6020,Lucerne,+41 44 638 54 67,+41 79 854 45 87,mariusz.weber@company.ch,MA-0104,Marketing,756.5089.2858.13,Portuguese,100,Consultant,3,Braunstrasse,144,1216,Geneva,Passive,Level4,18.01.2023
107,Mrs,Lenny,Fuchs,08.12.1978,Female,None,Baumannstrasse,74,9012,St. Gallen,+41 44 204 89 96,+41 79 423 53 69,lenny.fuchs@company.ch,MA-0105,Finance,756.3223.2213.67,German,50,Consultant,0,Müllerstrasse,82,8445,Winterthur,Passive,Level5,26.06.2015
108,Mr,Charline,Michel,24.02.2005,Male,None,Maurerstrasse,41,4050,Basel,+41 44 522 87 28,+41 79 080 10 06,charline.michel@company.ch,MA-0106,Operations,756.9335.4673.25,German,100,Coordinator,4,Sidlerstrasse,7,8435,Winterthur,Active,Level3,23.08.2012
109,Mr,Patrizia,Albrecht,01.04.1972,Male,None,Kellerstrasse,34,2505,Biel,+41 44 997 70 08,+41 79 860 08 48,patrizia.albrecht@company.ch,MA-0107,Finance,756.6067.7523.71,Austrian,80,Lead,0,Amreinstrasse,33,8441,Winterthur,Passive,Level4,19.09.2023
110,Mr,Anna-Maria,Fischer,02.05.1967,Male,None,Reystrasse,89,4049,Basel,+41 44 339 84 54,+41 79 615 67 93,anna-maria.fischer@company.ch,MA-0108,Customer Support,756.3981.3114.65,Austrian,100,Specialist,0,Hoffmannstrasse,78,4010,Basel,Passive,Level2,06.06.2021
111,Mr,Maryam,Stalder,18.01.1996,Male,None,Kunzstrasse,73,1216,Geneva,+41 44 687 00 21,+41 79 765 91 80,maryam.stalder@company.ch,MA-0109,Sales,756.5496.3050.90,French,60,Engineer,0,Gasserstrasse,129,4037,Basel,Active,Level2,10.09.2015
112,Mrs,Gonçalo,Bianchi,27.09.1992,Female,None,Schäferstrasse,87,2502,Biel,+41 44 250 39 26,+41 79 142 93 96,gonçalo.bianchi@company.ch,MA-0110,HR,756.2330.1744.92,Spanish,60,Director,0,Knechtstrasse,147,6039,Lucerne,Passive,Level4,26.06.2023
113,Mr,Fabiola,Vogt,28.01.1966,Male,None,Baurstrasse,124,3043,Bern,+41 44 631 59 99,+41 79 650 47 73,fabiola.vogt@company.ch,MA-0111,Legal,756.5873.8430.19,Portuguese,100,Analyst,4,Schärstrasse,107,9029,St. Gallen,Passive,Level3,07.02.2018
114,Mrs,Konstantinos,Schmidt,11.09.1991,Female,None,Wirthstrasse,82,8425,Winterthur,+41 44 311 42 62,+41 79 655 11 04,konstantinos.schmidt@company.ch,MA-0112,IT,756.7070.9437.81,Swiss,100,Coordinator,4,Kälinstrasse,32,1028,Lausanne,Passive,Level2,27.02.2013
115,Mrs,Jörg,Forster,03.08.1981,Female,Dr,Brunstrasse,75,6039,Lucerne,+41 44 158 19 95,+41 79 604 66 18,jörg.forster@company.ch,MA-0113,Legal,756.5067.3616.51,Austrian,50,Associate,0,Scherrerstrasse,41,9032,St. Gallen,Passive,Level4,26.11.2021
116,Mr,Julie,Eichenberger,16.06.1974,Male,None,Moserstrasse,6,1225,Geneva,+41 44 126 46 47,+41 79 154 37 99,julie.eichenberger@company.ch,MA-0114,Customer Support,756.8491.4944.37,Austrian,100,Manager,0,Maurerstrasse,73,9038,St. Gallen,Passive,Level3,28.08.2013
117,Mrs,Markus,Kuhn,30.03.1977,Female,Dr,Zimmermannstrasse,111,4016,Basel,+41 44 756 92 45,+41 79 937 52 65,markus.kuhn@company.ch,MA-0115,Operations,756.7606.6995.15,Italian,100,Assistant,0,Walterstrasse,93,6918,Lugano,Passive,Level4,21.02.2026
118,Mr,Silja,Gross,18.12.1976,Male,None,Wyssstrasse,72,2543,Biel,+41 44 519 39 82,+41 79 807 37 41,silja.gross@company.ch,MA-0116,Procurement,756.2946.3108.22,Italian,100,Associate,2,Steinmannstrasse,37,3038,Bern,Active,Level4,17.09.2013
119,Mrs,Tiago,Grob,28.09.1973,Female,Dr,Toblerstrasse,10,4045,Basel,+41 44 617 97 96,+41 79 886 80 58,tiago.grob@company.ch,MA-0117,Operations,756.8761.9508.68,German,60,Engineer,0,Brunnerstrasse,84,2520,Biel,Passive,Level4,27.06.2021
120,Mr,Désirée,Felber,03.02.1991,Male,None,Scheideggerstrasse,87,6932,Lugano,+41 44 561 01 43,+41 79 888 99 37,désirée.felber@company.ch,MA-0118,Customer Support,756.9025.5911.70,Spanish,100,Associate,2,Kohlerstrasse,29,6037,Lucerne,Passive,Level1,18.03.2023
121,Mr,Louisa,Stucki,23.08.1984,Male,None,Bachmannstrasse,149,2514,Biel,+41 44 146 11 25,+41 79 457 38 75,louisa.stucki@company.ch,MA-0119,HR,756.8871.3793.77,Portuguese,50,Assistant,3,Bosshardstrasse,38,3002,Bern,Active,Level1,15.06.2022
122,Mrs,Timothy,Hug,31.07.1965,Female,Dr,Zollingerstrasse,113,8426,Winterthur,+41 44 051 23 82,+41 79 825 86 73,timothy.hug@company.ch,MA-0120,IT,756.7765.4340.62,Austrian,60,Consultant,0,Sidlerstrasse,36,6913,Lugano,Active,Level3,03.06.2014
123,Mr,Viviana,Lustenberger,12.01.1980,Male,None,Martistrasse,97,8411,Winterthur,+41 44 603 34 19,+41 79 182 55 37,viviana.lustenberger@company.ch,MA-0121,R&D,756.9734.6608.79,French,50,Director,4,Hartmannstrasse,50,3017,Bern,Active,Level3,17.07.2019
124,Mrs,Udo,Huber,21.11.1988,Female,None,Schneiderstrasse,74,3044,Bern,+41 44 557 92 49,+41 79 912 51 34,udo.huber@company.ch,MA-0122,R&D,756.6194.8861.54,Austrian,50,Director,1,Flückigerstrasse,32,2543,Biel,Active,Level4,10.01.2022
125,Mr,Dana,Koch,10.01.1981,Male,None,Schlatterstrasse,38,1002,Lausanne,+41 44 627 82 82,+41 79 742 25 79,dana.koch@company.ch,MA-0123,Marketing,756.2294.6674.66,Portuguese,100,Consultant,0,Kaiserstrasse,52,6917,Lugano,Active,Level3,23.11.2018
126,Mrs,Cyrill,Zürcher,09.07.1979,Female,Dr,Langstrasse,62,3003,Bern,+41 44 677 21 90,+41 79 340 43 84,cyrill.zürcher@company.ch,MA-0124,Customer Support,756.4697.4814.16,Swiss,80,Associate,4,Wolfstrasse,26,4000,Basel,Active,Level2,10.02.2020
127,Mr,Tânia,Winkler,02.06.1984,Male,None,Scherrerstrasse,123,3048,Bern,+41 44 485 80 78,+41 79 361 34 07,tânia.winkler@company.ch,MA-0125,Marketing,756.6262.5676.92,Swiss,100,Assistant,0,Joststrasse,137,8011,Zürich,Passive,Level2,18.03.2018
128,Mrs,Elias,Wirz,07.05.1998,Female,None,Zollingerstrasse,127,4047,Basel,+41 44 962 92 33,+41 79 095 84 98,elias.wirz@company.ch,MA-0126,Marketing,756.1613.1151.48,Austrian,60,Specialist,2,Hunzikerstrasse,73,9041,St. Gallen,Active,Level5,19.12.2015
129,Mr,Margaritha,Pfister,26.12.2005,Male,Prof,Eglistrasse,130,9017,St. Gallen,+41 44 042 23 25,+41 79 367 29 46,margaritha.pfister@company.ch,MA-0127,Sales,756.2845.6417.30,Portuguese,80,Director,0,Martistrasse,4,8450,Winterthur,Passive,Level5,16.02.2021
130,Mrs,Zeno,Winkler,21.09.1966,Female,Prof,Studerstrasse,104,6032,Lucerne,+41 44 775 90 17,+41 79 518 63 63,zeno.winkler@company.ch,MA-0128,Operations,756.2421.7567.95,Swiss,100,Analyst,4,Haslerstrasse,83,3000,Bern,Passive,Level4,19.01.2024
131,Mrs,Filip,Schaller,20.01.1988,Female,None,Wyssstrasse,69,8419,Winterthur,+41 44 001 70 12,+41 79 770 63 24,filip.schaller@company.ch,MA-0129,Procurement,756.1187.5285.93,French,50,Coordinator,0,Hermannstrasse,31,9019,St. Gallen,Passive,Level4,11.06.2021
132,Mr,Elvira,Blaser,26.12.1978,Male,Dr,Baurstrasse,76,8439,Winterthur,+41 44 436 11 03,+41 79 712 93 87,elvira.blaser@company.ch,MA-0130,Sales,756.4590.3188.71,German,80,Assistant,2,Albrechtstrasse,107,6930,Lugano,Active,Level2,18.11.2023
133,Mrs,Swen,Leunberger,28.02.1993,Female,None,Betschartstrasse,21,6928,Lugano,+41 44 611 15 54,+41 79 262 21 89,swen.leunberger@company.ch,MA-0131,Customer Support,756.6927.2279.82,Swiss,100,Engineer,0,Schwabstrasse,147,6909,Lugano,Passive,Level3,24.03.2018
134,Mr,Emina,Gasser,05.04.1990,Male,Dr,Lanzstrasse,53,2531,Biel,+41 44 311 21 96,+41 79 565 23 41,emina.gasser@company.ch,MA-0132,Finance,756.9361.8298.17,Italian,100,Engineer,3,Schärstrasse,117,2503,Biel,Active,Level4,23.04.2023
135,Mr,Greta,Bachmann,07.12.1999,Male,Dr,Fuchsstrasse,102,1000,Lausanne,+41 44 640 37 61,+41 79 379 18 05,greta.bachmann@company.ch,MA-0133,Sales,756.2196.1742.64,French,50,Specialist,0,Eggerstrasse,18,9002,St. Gallen,Passive,Level4,15.07.2024
136,Mrs,Bujar,Leu,14.09.1978,Female,Prof,Widmerstrasse,108,8424,Winterthur,+41 44 109 10 43,+41 79 006 84 86,bujar.leu@company.ch,MA-0134,R&D,756.7184.7154.20,Portuguese,50,Engineer,0,Suterstrasse,90,1211,Geneva,Active,Level4,10.11.2012
137,Mrs,Raoul,Roth,24.09.1989,Female,Prof,Blaserstrasse,1,8019,Zürich,+41 44 183 28 56,+41 79 914 63 03,raoul.roth@company.ch,MA-0135,R&D,756.9920.7948.78,Italian,100,Coordinator,4,Lüthistrasse,89,4017,Basel,Passive,Level1,05.06.2018
138,Mrs,Can,Beck,26.03.1976,Female,None,Bühlmannstrasse,5,3013,Bern,+41 44 202 75 88,+41 79 425 24 10,can.beck@company.ch,MA-0136,Finance,756.2653.1550.67,Austrian,50,Manager,0,Zinggstrasse,12,6028,Lucerne,Passive,Level5,15.09.2015
139,Mrs,Bernhard,Hartmann,19.12.1993,Female,Dr,Müllerstrasse,36,6918,Lugano,+41 44 850 79 25,+41 79 241 91 38,bernhard.hartmann@company.ch,MA-0137,Sales,756.6224.6253.40,French,100,Engineer,0,Baumannstrasse,106,1017,Lausanne,Passive,Level5,17.04.2015
140,Mrs,Roy,Käser,23.06.1979,Female,None,Fischerstrasse,143,9003,St. Gallen,+41 44 863 53 65,+41 79 419 51 80,roy.käser@company.ch,MA-0138,Operations,756.7244.9592.50,Portuguese,80,Lead,0,Gfellerstrasse,77,6011,Lucerne,Active,Level4,08.12.2025
141,Mrs,Erich,Meier,24.09.2000,Female,Prof,Hürlimannstrasse,77,4029,Basel,+41 44 870 53 49,+41 79 493 75 97,erich.meier@company.ch,MA-0139,HR,756.7761.7824.81,Austrian,100,Lead,0,Walderstrasse,66,3021,Bern,Passive,Level4,18.11.2013
142,Mr,Katerina,Lang,05.09.1963,Male,Dr,Siegriststrasse,138,3003,Bern,+41 44 506 41 38,+41 79 367 02 41,katerina.lang@company.ch,MA-0140,Marketing,756.7179.1647.19,German,60,Engineer,0,Gloorstrasse,123,3021,Bern,Passive,Level1,19.02.2022
143,Mrs,Steffen,Maurer,04.07.2005,Female,Prof,Schmidstrasse,31,9015,St. Gallen,+41 44 826 19 90,+41 79 623 44 56,steffen.maurer@company.ch,MA-0141,Procurement,756.4350.7498.40,Austrian,100,Director,3,Hugstrasse,120,6941,Lugano,Passive,Level3,15.09.2015
144,Mr,Petra,Friedli,12.08.1968,Male,None,Fankhauserstrasse,132,9029,St. Gallen,+41 44 277 56 18,+41 79 537 47 41,petra.friedli@company.ch,MA-0142,Finance,756.8692.6246.36,French,100,Lead,0,Favrestrasse,145,3047,Bern,Passive,Level1,08.01.2024
145,Mr,Jara,Schumacher,26.05.1964,Male,None,Ernststrasse,150,2546,Biel,+41 44 356 80 44,+41 79 206 78 83,jara.schumacher@company.ch,MA-0143,Legal,756.5836.3497.35,French,100,Lead,0,Mayerstrasse,128,6941,Lugano,Passive,Level3,07.09.2023
146,Mr,Valentina,Burri,25.02.1963,Male,None,Eggerstrasse,118,4046,Basel,+41 44 651 99 41,+41 79 013 72 15,valentina.burri@company.ch,MA-0144,Operations,756.3773.3293.79,Italian,100,Engineer,0,Bauerstrasse,135,8004,Zürich,Passive,Level1,20.05.2012
147,Mr,Lindita,Scherrer,07.09.1981,Male,Prof,Müllerstrasse,60,1245,Geneva,+41 44 662 53 24,+41 79 472 09 99,lindita.scherrer@company.ch,MA-0145,IT,756.1149.4583.74,Italian,100,Manager,4,Stadelmannstrasse,125,8000,Zürich,Active,Level5,09.02.2019
148,Mr,Sereina,Schaller,14.09.1983,Male,Dr,Herzogstrasse,5,6946,Lugano,+41 44 263 83 80,+41 79 657 87 59,sereina.schaller@company.ch,MA-0146,Marketing,756.9777.5697.12,Austrian,50,Lead,0,Kochstrasse,28,1233,Geneva,Passive,Level2,28.04.2014
149,Mrs,Julien,Schoch,05.04.1972,Female,None,Beckstrasse,135,1022,Lausanne,+41 44 859 32 13,+41 79 348 03 96,julien.schoch@company.ch,MA-0147,Marketing,756.7502.2294.57,Italian,80,Assistant,0,Ferraristrasse,58,1043,Lausanne,Passive,Level1,05.03.2015
150,Mrs,Raffael,Zingg,07.02.1995,Female,None,Schnyderstrasse,98,6035,Lucerne,+41 44 599 29 37,+41 79 842 70 10,raffael.zingg@company.ch,MA-0148,R&D,756.1919.1154.99,German,100,Consultant,3,Schumacherstrasse,85,2506,Biel,Active,Level1,04.12.2011
151,Mrs,Valerio,Ackermann,22.03.1977,Female,Prof,Zinggstrasse,146,9017,St. Gallen,+41 44 525 00 29,+41 79 218 51 56,valerio.ackermann@company.ch,MA-0149,HR,756.2218.5593.79,Austrian,50,Manager,0,Itenstrasse,81,8013,Zürich,Active,Level2,18.06.2016
152,Mr,Mihaela,Favre,06.11.1994,Male,Dr,Zbindenstrasse,77,4036,Basel,+41 44 528 95 39,+41 79 264 42 20,mihaela.favre@company.ch,MA-0150,Sales,756.7375.9856.52,Italian,50,Analyst,0,Wirthstrasse,129,8403,Winterthur,Passive,Level4,10.05.2014
153,Mrs,Raffael,Zollinger,13.03.2005,Female,Dr,Sigriststrasse,88,2549,Biel,+41 44 725 13 55,+41 79 215 70 43,raffael.zollinger@company.ch,MA-0151,Procurement,756.7499.6347.13,Portuguese,100,Consultant,4,Studerstrasse,59,8435,Winterthur,Passive,Level4,18.11.2016
154,Mrs,Jayden,Brunner,28.04.1994,Female,None,Knechtstrasse,98,1249,Geneva,+41 44 626 76 58,+41 79 617 93 27,jayden.brunner@company.ch,MA-0152,Procurement,756.5839.5037.19,Swiss,100,Analyst,3,Zieglerstrasse,40,6020,Lucerne,Passive,Level1,18.01.2016
155,Mrs,Julien,Hafner,01.07.2004,Female,Dr,Jäggistrasse,79,9023,St. Gallen,+41 44 621 81 59,+41 79 970 62 96,julien.hafner@company.ch,MA-0153,Marketing,756.2674.3170.21,German,80,Consultant,3,Baurstrasse,27,8005,Zürich,Passive,Level5,04.08.2016
156,Mrs,Sedat,Frei,19.08.1980,Female,None,Steffenstrasse,84,6000,Lucerne,+41 44 431 06 98,+41 79 720 50 61,sedat.frei@company.ch,MA-0154,Marketing,756.7779.7353.20,Portuguese,60,Coordinator,0,Steffenstrasse,98,4008,Basel,Passive,Level3,15.08.2014
157,Mr,Rosmarie,Fuchs,21.02.1970,Male,None,Bieristrasse,38,1210,Geneva,+41 44 146 77 41,+41 79 862 56 52,rosmarie.fuchs@company.ch,MA-0155,Legal,756.5521.7899.48,Italian,100,Associate,1,Baumannstrasse,64,9038,St. Gallen,Active,Level2,22.03.2018
158,Mr,Tania,Gfeller,16.06.1999,Male,Dr,Eugsterstrasse,35,1000,Lausanne,+41 44 158 69 38,+41 79 068 68 79,tania.gfeller@company.ch,MA-0156,Legal,756.6443.7224.52,Italian,100,Lead,0,Meisterstrasse,77,8438,Winterthur,Passive,Level4,22.10.2012
159,Mr,Agnese,Thommen,26.02.1964,Male,Prof,Bühlmannstrasse,102,8418,Winterthur,+41 44 223 32 06,+41 79 163 29 45,agnese.thommen@company.ch,MA-0157,R&D,756.4971.6339.58,French,80,Associate,0,Blumstrasse,145,3037,Bern,Active,Level2,21.12.2019
160,Mrs,Ardian,Hürlimann,25.04.2000,Female,None,Ammannstrasse,54,9018,St. Gallen,+41 44 162 29 99,+41 79 119 14 85,ardian.hürlimann@company.ch,MA-0158,Finance,756.7703.9180.27,Portuguese,100,Coordinator,1,Hartmannstrasse,40,6050,Lucerne,Passive,Level1,12.06.2021
161,Mr,Sheila,Schürch,10.06.1983,Male,None,Hermannstrasse,123,2525,Biel,+41 44 299 60 65,+41 79 307 45 05,sheila.schürch@company.ch,MA-0159,Customer Support,756.9300.7853.79,Swiss,100,Engineer,0,Hotzstrasse,28,3042,Bern,Passive,Level2,07.04.2024
162,Mrs,Florent,Stutz,04.10.1992,Female,None,Eglistrasse,103,8450,Winterthur,+41 44 754 69 13,+41 79 736 78 50,florent.stutz@company.ch,MA-0160,Legal,756.2735.1172.22,French,100,Engineer,0,Bergerstrasse,115,8425,Winterthur,Passive,Level5,08.04.2022
163,Mrs,Gilbert,Egli,19.12.1996,Female,None,Ferraristrasse,7,9006,St. Gallen,+41 44 303 07 05,+41 79 345 78 61,gilbert.egli@company.ch,MA-0161,Marketing,756.7815.2406.24,Spanish,50,Analyst,2,Grobstrasse,80,8429,Winterthur,Passive,Level5,16.12.2018
164,Mr,Célia,Fischer,20.11.2004,Male,None,Schneiderstrasse,122,1228,Geneva,+41 44 524 14 06,+41 79 029 33 33,célia.fischer@company.ch,MA-0162,R&D,756.6225.2100.48,Swiss,50,Specialist,0,Stalderstrasse,88,1243,Geneva,Passive,Level2,29.04.2019
165,Mrs,Slavko,Wolf,06.03.2005,Female,None,Meisterstrasse,41,8435,Winterthur,+41 44 290 34 94,+41 79 466 57 43,slavko.wolf@company.ch,MA-0163,Legal,756.8570.4798.61,Portuguese,100,Analyst,3,Hofmannstrasse,102,8047,Zürich,Active,Level2,23.05.2020
166,Mr,Claudia,Peter,07.08.2006,Male,None,Schaubstrasse,110,6000,Lucerne,+41 44 417 15 45,+41 79 444 32 83,claudia.peter@company.ch,MA-0164,Sales,756.4371.5560.18,Austrian,100,Engineer,0,Zinggstrasse,94,8412,Winterthur,Passive,Level1,14.07.2021
167,Mr,Aurore,Eichenberger,12.05.1994,Male,None,Hoferstrasse,136,8438,Winterthur,+41 44 666 09 93,+41 79 538 75 84,aurore.eichenberger@company.ch,MA-0165,Legal,756.7431.2871.54,French,80,Assistant,0,Staufferstrasse,77,2537,Biel,Passive,Level2,12.01.2016
168,Mr,Mina,Christen,24.03.1995,Male,Dr,Stockerstrasse,62,1007,Lausanne,+41 44 135 34 65,+41 79 549 47 17,mina.christen@company.ch,MA-0166,IT,756.7116.3316.75,Italian,80,Assistant,0,Siegriststrasse,148,6027,Lucerne,Passive,Level4,16.09.2018
169,Mrs,Cyrill,Näf,24.11.1967,Female,None,Ritterstrasse,43,9018,St. Gallen,+41 44 602 23 56,+41 79 972 52 17,cyrill.näf@company.ch,MA-0167,IT,756.4065.6154.67,Austrian,100,Associate,0,Sidlerstrasse,125,4012,Basel,Passive,Level5,29.04.2016
170,Mr,Jessica,Aebi,07.07.1982,Male,None,Wettsteinstrasse,126,6045,Lucerne,+41 44 927 12 96,+41 79 666 76 00,jessica.aebi@company.ch,MA-0168,R&D,756.9006.3740.20,Austrian,100,Coordinator,1,Walderstrasse,9,1014,Lausanne,Active,Level3,16.11.2025
171,Mrs,Lucio,Hunziker,05.12.1995,Female,None,Amreinstrasse,145,9035,St. Gallen,+41 44 335 42 16,+41 79 894 21 04,lucio.hunziker@company.ch,MA-0169,Customer Support,756.2854.2871.44,Spanish,60,Associate,0,Martinstrasse,113,6913,Lugano,Passive,Level1,17.02.2018
172,Mrs,Antoine,Egli,15.09.1977,Female,None,Kaiserstrasse,9,9016,St. Gallen,+41 44 260 33 23,+41 79 098 21 50,antoine.egli@company.ch,MA-0170,Operations,756.2425.8193.25,Spanish,100,Coordinator,2,Sigriststrasse,110,4039,Basel,Passive,Level2,12.03.2023
173,Mrs,Emre,Baumgartner,03.10.1988,Female,Dr,Steffenstrasse,146,8434,Winterthur,+41 44 001 67 61,+41 79 847 23 04,emre.baumgartner@company.ch,MA-0171,Marketing,756.9827.3758.51,Portuguese,100,Director,1,Steffenstrasse,132,1208,Geneva,Passive,Level1,24.07.2021
174,Mr,Jeanne,Seiler,10.04.1989,Male,Prof,Leustrasse,34,3009,Bern,+41 44 891 41 17,+41 79 393 48 35,jeanne.seiler@company.ch,MA-0172,Operations,756.5055.7434.72,German,60,Director,3,Hoferstrasse,97,9004,St. Gallen,Passive,Level4,19.03.2012
175,Mr,Ginette,Furrer,27.11.1992,Male,None,Imhofstrasse,117,9020,St. Gallen,+41 44 001 19 72,+41 79 181 14 37,ginette.furrer@company.ch,MA-0173,Procurement,756.1040.2526.68,Portuguese,50,Associate,0,Hartmannstrasse,137,6013,Lucerne,Passive,Level2,17.05.2012
176,Mr,Yasemin,Ferrari,01.02.2001,Male,None,Kälinstrasse,83,1021,Lausanne,+41 44 611 00 22,+41 79 557 94 15,yasemin.ferrari@company.ch,MA-0174,Customer Support,756.3139.8951.53,Portuguese,100,Manager,0,Flückigerstrasse,118,8007,Zürich,Passive,Level4,20.08.2017
177,Mr,Mirlinda,Martin,02.08.1974,Male,Dr,Stuckistrasse,110,3044,Bern,+41 44 621 20 21,+41 79 697 97 29,mirlinda.martin@company.ch,MA-0175,IT,756.5945.3604.45,Swiss,50,Associate,1,Wolfstrasse,22,8442,Winterthur,Passive,Level1,17.10.2020
178,Mr,Pierina,Stöckli,05.05.2001,Male,None,Mettlerstrasse,60,6041,Lucerne,+41 44 167 01 45,+41 79 089 93 58,pierina.stöckli@company.ch,MA-0176,Finance,756.2559.1017.37,Italian,100,Analyst,0,Lustenbergerstrasse,133,9000,St. Gallen,Passive,Level3,08.11.2018
179,Mrs,Kuno,Stettler,06.11.1990,Female,None,Schärerstrasse,34,9004,St. Gallen,+41 44 028 77 21,+41 79 753 54 08,kuno.stettler@company.ch,MA-0177,Sales,756.7276.2463.23,Swiss,100,Associate,1,Schallerstrasse,36,6049,Lucerne,Passive,Level2,03.09.2017
180,Mrs,Christof,Bieri,29.10.1982,Female,None,Blumstrasse,145,8039,Zürich,+41 44 751 70 16,+41 79 608 80 19,christof.bieri@company.ch,MA-0178,IT,756.8210.6753.37,Portuguese,50,Analyst,3,Peterstrasse,114,3005,Bern,Passive,Level2,11.06.2021
181,Mrs,Holger,Jäggi,12.08.1978,Female,None,Gfellerstrasse,99,8427,Winterthur,+41 44 589 97 57,+41 79 113 05 54,holger.jäggi@company.ch,MA-0179,Operations,756.3290.5059.45,Portuguese,100,Coordinator,1,Suterstrasse,7,1013,Lausanne,Active,Level5,23.04.2012
182,Mrs,Damian,Moser,21.10.1968,Female,None,Brunnerstrasse,76,8050,Zürich,+41 44 933 16 37,+41 79 351 60 91,damian.moser@company.ch,MA-0180,Sales,756.9108.7322.24,German,80,Assistant,0,Maurerstrasse,136,8023,Zürich,Passive,Level2,30.01.2026
183,Mr,Elisabeth,Ritter,07.01.1995,Male,None,Schmidtstrasse,108,8434,Winterthur,+41 44 829 22 16,+41 79 995 86 69,elisabeth.ritter@company.ch,MA-0181,IT,756.8717.2195.12,Austrian,100,Manager,1,Hermannstrasse,56,8003,Zürich,Passive,Level5,29.01.2026
184,Mr,Susann,Hofer,20.07.1982,Male,None,Eichenbergerstrasse,107,6044,Lucerne,+41 44 984 85 83,+41 79 339 45 22,susann.hofer@company.ch,MA-0182,Legal,756.2350.9791.78,Austrian,100,Director,0,Tannerstrasse,80,1232,Geneva,Passive,Level2,14.01.2023
185,Mr,Léonie,Merz,08.04.1988,Male,None,Steinmannstrasse,17,1044,Lausanne,+41 44 608 10 62,+41 79 003 42 44,léonie.merz@company.ch,MA-0183,Legal,756.4909.1948.41,Swiss,80,Specialist,4,Benzstrasse,15,1042,Lausanne,Passive,Level1,07.09.2014
186,Mrs,Nicholas,Bär,29.05.1978,Female,Prof,Brunstrasse,3,4031,Basel,+41 44 863 84 06,+41 79 665 80 04,nicholas.bär@company.ch,MA-0184,Operations,756.9568.9474.43,German,100,Analyst,1,Schweizerstrasse,31,8021,Zürich,Passive,Level3,28.01.2024
187,Mrs,Ledion,Siegrist,18.08.1993,Female,None,Wengerstrasse,148,1231,Geneva,+41 44 347 21 22,+41 79 816 06 48,ledion.siegrist@company.ch,MA-0185,R&D,756.9368.6900.17,Italian,60,Analyst,2,Eggerstrasse,41,1049,Lausanne,Passive,Level5,20.05.2020
188,Mrs,Timon,Aebi,03.03.1977,Female,Prof,Bauerstrasse,131,8002,Zürich,+41 44 590 94 79,+41 79 851 58 32,timon.aebi@company.ch,MA-0186,HR,756.5006.1753.70,French,80,Analyst,0,Wyssstrasse,10,6945,Lugano,Passive,Level2,11.11.2017
189,Mr,Anabela,Kunz,02.09.1966,Male,Prof,Gasserstrasse,107,8417,Winterthur,+41 44 554 39 87,+41 79 801 57 39,anabela.kunz@company.ch,MA-0187,Finance,756.7108.2956.74,Portuguese,100,Analyst,0,Bauerstrasse,133,8025,Zürich,Passive,Level4,06.05.2017
190,Mr,Eloïse,Bühler,09.08.1979,Male,None,Bachmannstrasse,84,1235,Geneva,+41 44 887 70 43,+41 79 581 12 88,eloïse.bühler@company.ch,MA-0188,R&D,756.1130.7044.35,French,60,Director,0,Sennstrasse,119,8437,Winterthur,Passive,Level2,14.10.2014
191,Mrs,Tomasz,Wirz,02.01.1972,Female,Prof,Brunstrasse,2,6001,Lucerne,+41 44 861 20 75,+41 79 011 02 48,tomasz.wirz@company.ch,MA-0189,Sales,756.9872.6675.91,Spanish,50,Manager,2,Schlatterstrasse,1,6047,Lucerne,Passive,Level1,16.04.2025
192,Mrs,Maik,Koch,23.06.1982,Female,None,Lustenbergerstrasse,61,6031,Lucerne,+41 44 061 80 91,+41 79 901 58 14,maik.koch@company.ch,MA-0190,HR,756.3332.5584.21,Swiss,100,Engineer,3,Schürchstrasse,96,9047,St. Gallen,Passive,Level5,06.11.2015
193,Mrs,Niclas,Lutz,29.05.1979,Female,None,Meisterstrasse,35,6004,Lucerne,+41 44 832 68 42,+41 79 450 88 21,niclas.lutz@company.ch,MA-0191,Procurement,756.2020.8126.94,German,100,Director,1,Aebistrasse,81,6044,Lucerne,Passive,Level3,07.09.2019
194,Mr,Aloisia,Blaser,12.01.1976,Male,None,Gasserstrasse,60,1212,Geneva,+41 44 822 23 94,+41 79 312 90 87,aloisia.blaser@company.ch,MA-0192,IT,756.2785.3546.23,German,80,Consultant,2,Hodelstrasse,105,1234,Geneva,Passive,Level2,21.05.2015
195,Mr,Evelyne,Vogt,03.03.1988,Male,None,Kaiserstrasse,119,1007,Lausanne,+41 44 314 91 35,+41 79 775 94 92,evelyne.vogt@company.ch,MA-0193,Finance,756.3582.5984.99,Austrian,100,Coordinator,2,Zinggstrasse,38,1245,Geneva,Passive,Level3,02.01.2026
196,Mr,Nora,Aebi,28.05.1976,Male,None,Thommenstrasse,13,1016,Lausanne,+41 44 452 57 77,+41 79 547 81 29,nora.aebi@company.ch,MA-0194,IT,756.1509.7625.67,Austrian,50,Engineer,0,Herzogstrasse,25,9006,St. Gallen,Passive,Level1,29.12.2024
197,Mrs,Davide,Hartmann,25.11.1994,Female,Dr,Wagnerstrasse,57,4012,Basel,+41 44 080 99 69,+41 79 308 48 87,davide.hartmann@company.ch,MA-0195,Legal,756.7098.2376.84,Austrian,100,Specialist,0,Käserstrasse,17,3041,Bern,Passive,Level2,22.12.2014
198,Mrs,Kushtrim,Schneider,20.11.1994,Female,None,Eglistrasse,32,8029,Zürich,+41 44 881 65 80,+41 79 392 82 72,kushtrim.schneider@company.ch,MA-0196,HR,756.3752.8096.60,Italian,100,Lead,3,Scheideggerstrasse,45,8413,Winterthur,Passive,Level3,31.08.2022
199,Mr,Huguette,Kaiser,27.05.1964,Male,None,Gloorstrasse,39,8039,Zürich,+41 44 453 03 85,+41 79 677 00 51,huguette.kaiser@company.ch,MA-0197,Procurement,756.5026.5835.73,Italian,60,Consultant,0,Weberstrasse,23,1024,Lausanne,Passive,Level4,21.04.2020
200,Mrs,Raul,Ferrari,14.03.1979,Female,None,Käserstrasse,64,6950,Lugano,+41 44 846 38 65,+41 79 577 90 82,raul.ferrari@company.ch,MA-0198,HR,756.7266.6883.71,Austrian,80,Associate,2,Felberstrasse,100,1011,Lausanne,Passive,Level3,12.10.2012
